{
  "GOES": {
    "p2": 1971.0,
    "p98": 2528.0
  },
  "VIIRS": {
    "p2": 260.70550537109375,
    "p98": 333.4931335449219
  }
}